Name,Price(INR),Total-area,Sector,Furnishing,Parking,Bathroom,Society
"3 BHK Flat for Sale in Central Park The Orchard, Sector 32 Sohna, Gurgaon",3.75 Cr,2129 sqft,Central Park The Orchard,Semi-Furnished,1,3,Central Park The Orchard
"3 BHK Flat for Sale in Tulip Yellow, Sector 69, Gurgaon",1.45 Cr,1704 sqft,Tulip Yellow,Unfurnished,1,3,Tulip Yellow
"2 BHK Flat for Sale in Eldeco Acclaim, Sohna, Gurgaon",1.09 Cr,849 sqft,Eldeco Acclaim,Unfurnished,N/A,2,Eldeco Acclaim
"4 BHK Flat for Sale in Paras Quartier, Faridabad Gurgaon Road, Gurgaon",9.60 Cr,6000 sqft,Paras Quartier,Furnished,1,5,Paras Quartier
"3 BHK Flat for Sale in Ashiana Anmol Phase 3, Sector 33 Sohna, Gurgaon",1.43 Cr,996 sqft,Ashiana Anmol Phase 3,Unfurnished,1,3,Ashiana Anmol Phase 3
"3 BHK Flat for Sale in Signature Global City 93, Sector 93, Gurgaon",1.06 Cr,1420 sqft,Signature Global City 93,Semi-Furnished,1,2,Signature Global City 93
"4 BHK Flat for Sale in BPTP Terra, Sector 37D, Delhi Gurgaon Expressway, Gurgaon",2.08 Cr,1998 sqft,BPTP Terra,Semi-Furnished,1,3,BPTP Terra
"4 BHK Flat for Sale in SBTL Caladium, Sector 109, Gurgaon",2.25 Cr,3250 sqft,SBTL Caladium,Unfurnished,N/A,4,SBTL Caladium
"4 BHK Flat for Sale in Hero Homes, Sector 104, Gurgaon",4.29 Cr,2450 sqft,Hero Homes,Unfurnished,1,4,Hero Homes
"4 BHK Flat for Sale in Luxury Floors, Phase 1 DLF, Gurgaon",6 Cr,4518 sqft,Luxury Floors,Semi-Furnished,1,4,Luxury Floors
"3 BHK Flat for Sale in Tata La Vida, Sector 113, Gurgaon",3.19 Cr,1578 sqft,Tata La Vida,Unfurnished,1,2,Tata La Vida
"4 BHK Flat for Sale in Luxury Floors, Phase 2 DLF, Gurgaon",5.75 Cr,4518 sqft,Luxury Floors,Semi-Furnished,1,4,Luxury Floors
"3 BHK Flat for Sale in Smart World Gems, Sector 89, Gurgaon",1.12 Cr,1423 sqft,Smart World Gems,Semi-Furnished,1,3,Smart World Gems
"3 BHK Flat for Sale in MRG Crown, Sector 106, Gurgaon",1.93 Cr,1503 sqft,Sector 106,Semi-Furnished,1,3,MRG Crown
"3 BHK Flat for Sale in SS Cendana, Sector 83, Gurgaon",1.39 Cr,1450 sqft,SS Cendana,Semi-Furnished,1,3,SS Cendana
"4 BHK Flat for Sale in Samsara Avasa, Sector 63, Gurgaon",3.90 Cr,1476 sqft,Sector 63,Semi-Furnished,1,4,Samsara Avasa
"3 BHK Flat for Sale in Mahindra Luminare, Sector 59, Gurgaon",5 Cr,3106 sqft,Sector 59,Semi-Furnished,1,4,Mahindra Luminare
"3 BHK Flat for Sale in M3M Crown Phase 1, Sector 111, Gurgaon",2.37 Cr,1555 sqft,Sector 111,Unfurnished,1,3,M3M Crown Phase 1
"3 BHK Flat for Sale in Shapoorji Pallonji Joyville, Sector 102, Gurgaon",1.99 Cr,1692 sqft,Sector 102,Semi-Furnished,N/A,3,Shapoorji Pallonji Joyville
"3 BHK Flat for Sale in Mahindra Luminare, Sector 59, Gurgaon",5.70 Cr,3025 sqft,Sector 59,Unfurnished,1,4,Mahindra Luminare
"3 BHK Flat for Sale in SS Cendana, Sector 83, Gurgaon",1.58 Cr,1850 sqft,Sector 83,Semi-Furnished,1,3,SS Cendana
"2 BHK Flat for Sale in Tata La Vida, Sector 113, Gurgaon",1.55 Cr,1276 sqft,Sector 113,Unfurnished,N/A,2,Tata La Vida
"3 BHK Flat for Sale in Vatika Sovereign Next, Sector 82A, Gurgaon",3.57 Cr,2650 sqft,Vatika Sovereign Next,Unfurnished,N/A,3,Vatika Sovereign Next
"3 BHK Flat for Sale in M3M Skycity, Sector 65, Gurgaon",3.20 Cr,1450 sqft,Sector 65,Semi-Furnished,1,4,M3M Skycity
"1 BHK Flat for Sale in Bellavista, Sector 48, Gurgaon",3.30 Cr,1000 sqft,Sector 48,Furnished,2,1,Bellavista
"3 BHK Flat for Sale in Chintamani, Sector 103, Gurgaon",1.77 Cr,1845 sqft,Sector 103,Semi-Furnished,2,3,Chintamani
"3 BHK Flat for Sale in Shapoorji Pallonji Joyville, Sector 102, Gurgaon",1.90 Cr,1022 sqft,Sector 102,Furnished,1,3,Shapoorji Pallonji Joyville
"4 BHK Flat for Sale in Trump Tower, Sector 65, Gurgaon",11 Cr,3580 sqft,Sector 65,Semi-Furnished,3,4,Trump Tower
"2 BHK Flat for Sale in Godrej Meridien, Sector 106, Gurgaon",1.60 Cr,1366 sqft,Sector 106,Semi-Furnished,1,2,Godrej Meridien
"3 BHK Flat for Sale in Signature Global City 93, Sector 93, Gurgaon",1.55 Cr,1826 sqft,Sector 93,Unfurnished,N/A,3,Signature Global City 93
"3 BHK Flat for Sale in Godrej Nature Plus, Sector 33 Sohna, Gurgaon",1.55 Cr,1100 sqft,Sector 33 Sohna,Unfurnished,1,3,Godrej Nature Plus
"4 BHK Flat for Sale in Godrej Air, Sector 85, Gurgaon",2.75 Cr,2599 sqft,Sector 85,Semi-Furnished,2,4,Godrej Air
"3 BHK Flat for Sale in Trehan Luxury Floors, Sector 63A, Gurgaon",2.15 Cr,1600 sqft,Sector 63A,Semi-Furnished,1,3,Trehan Luxury Floors
"3 BHK Flat for Sale in M3M Skycity, Sector 65, Gurgaon",2.68 Cr,2054 sqft,Sector 65,Semi-Furnished,1,3,M3M Skycity
"3 BHK Flat for Sale in Hero Homes, Sector 104, Gurgaon",1.40 Cr,1389 sqft,Sector 104,Semi-Furnished,1,3,Hero Homes
"3 BHK Flat for Sale in Shapoorji Pallonji Joyville, Sector 102, Gurgaon",1.90 Cr,1480 sqft,Sector 102,Semi-Furnished,2,3,Shapoorji Pallonji Joyville
"3 BHK Flat for Sale in Urban Oasis, Sector 62, Gurgaon",3.75 Cr,1343 sqft,Sector 62,Semi-Furnished,2,3,Urban Oasis
"3 BHK Flat for Sale in Whiteland Blissville, Sector 76, Delhi Gurgaon Expressway, Gurgaon",1.85 Cr,1672 sqft,Sector 76,Semi-Furnished,1,3,Whiteland Blissville
"3 BHK Flat for Sale in Puri The Aravallis, Sector 61, Gurgaon",4.18 Cr,2250 sqft,Sector 61,Semi-Furnished,5,4,Puri The Aravallis
"3 BHK Flat for Sale in M3M Heights, Sector 65, Gurgaon",2.59 Cr,1450 sqft,Sector 65,Furnished,1,3,M3M Heights
"2 BHK Flat for Sale in Signature Global City 81, Sector 81A, NH 8, Gurgaon",99.1 Lac,1075 sqft,Sector 81A,Semi-Furnished,1,2,Signature Global City 81
"3 BHK Flat for Sale in Ireo Victory Valley, Sector 67A, Gurgaon",3.20 Cr,2350 sqft,Sector 67A,Semi-Furnished,2,4,Ireo Victory Valley
"3 BHK Flat for Sale in M3M Crown Phase 1, Sector 111, Gurgaon",2.75 Cr,2055 sqft,Sector 111,Furnished,2,3,M3M Crown Phase 1
"3 BHK Flat for Sale in Urban Oasis, Sector 62, Gurgaon",4.19 Cr,2266 sqft,Sector 62,Furnished,1,3,Urban Oasis
"3 BHK Flat for Sale in Hero Homes, Sector 104, Gurgaon",1.75 Cr,1689 sqft,Sector 104,Unfurnished,N/A,3,Hero Homes
"4 BHK Flat for Sale in DLF Garden City Floors, Sector 92, Gurgaon",1.55 Cr,250 sqyrd,Sector 92,Furnished,1,4,DLF Garden City Floors
"2 BHK Flat for Sale in Emaar Digi Homes, Sector 62, Gurgaon",1.65 Cr,1508 sqft,Sector 62,Unfurnished,1,2,Emaar Digi Homes
"3 BHK Flat for Sale in Puri The Aravallis, Sector 61, Gurgaon",3.82 Cr,2250 sqft,Sector 61,Semi-Furnished,2,3,Puri The Aravallis
"3 BHK Flat for Sale in All Punjabi Welfare Association, Sector 23, Gurgaon",1.78 Cr,1250 sqft,Sector 23,Semi-Furnished,1,3,All Punjabi Welfare Association
"2 BHK Flat for Sale in M3M Heights, Sector 65, Gurgaon",2.40 Cr,1433 sqft,Sector 65,Unfurnished,1,2,M3M Heights
"3 BHK Flat for Sale in M3M Antalya Hills Phase I, Sector 79, Gurgaon",1.55 Cr,1534 sqft,Sector 79,Unfurnished,1,3,M3M Antalya Hills Phase I
"3 BHK Flat for Sale in Tulip Monsella, Sector 53, Gurgaon",7.75 Cr,2874 sqft,Sector 53,Unfurnished,N/A,3,Tulip Monsella
"4 BHK Flat for Sale in Malibu Town, Sector 47, Gurgaon",3.40 Cr,2450 sqft,Sector 47,Semi-Furnished,2,4,N/A
"4 BHK Flat for Sale in Legacy Home, Sushant Lok, Gurgaon",3.10 Cr,300 sqyrd,Sushant Lok,Semi-Furnished,2,4,Legacy Home
"3 BHK Flat for Sale in Sector 23 RWA, Sector 23, Gurgaon",2.39 Cr,2100 sqft,Sector 23,Semi-Furnished,2,3,Sector 23 RWA
"4 BHK Flat for Sale in Sushant Lok, Gurgaon",2.60 Cr,1634 sqft,Gurgaon,Furnished,2,4,N/A
"3 BHK Flat for Sale in DLF City Phase V, Phase 5 DLF, Gurgaon",3.59 Cr,2000 sqft,Phase 5 DLF,Furnished,2,4,DLF City Phase V
"4 BHK Flat for Sale in Emerald Floors Premier, Sector 65, Gurgaon",3 Cr,1650 sqft,Sector 65,Semi-Furnished,1,3,Emerald Floors Premier
"4 BHK Flat for Sale in Vipul World, Sector 48, Gurgaon",3.30 Cr,3200 sqft,Sector 48,Semi-Furnished,3,5,Vipul World
"3 BHK Flat for Sale in Emaar Emerald Hills, Sector 65, Gurgaon",2.25 Cr,1200 sqft,Sector 65,Semi-Furnished,1,3,Emaar Emerald Hills
"3 BHK Flat for Sale in Unitech South City II, Sector 49, Gurgaon",1.60 Cr,1400 sqft,Sector 49,Semi-Furnished,2,3,Unitech South City II
"3 BHK Flat for Sale in Emerald Floors Premier, Sector 65, Gurgaon",2.65 Cr,1400 sqft,Sector 65,Unfurnished,2,3,Emerald Floors Premier
"2 BHK Flat for Sale in IREO Uptown, Badshahpur, Gurgaon",1.70 Cr,1000 sqft,Badshahpur,Semi-Furnished,2,3,IREO Uptown
"3 BHK Flat for Sale in Emaar Digi Homes, Sector 62, Gurgaon",4.20 Cr,1508 sqft,Sector 62,Semi-Furnished,2,4,Emaar Digi Homes
"3 BHK Flat for Sale in Vatika City, Ghasola, Sector 49, Gurgaon",3.10 Cr,2150 sqft,Ghasola,Semi-Furnished,2,3,Vatika City
"3 BHK Flat for Sale in South City II, Gurgaon",2.65 Cr,1550 sqft,Gurgaon,Semi-Furnished,1,4,N/A
"3 BHK Flat for Sale in DLF The Primus, Sector 82A, Gurgaon",2.10 Cr,1818 sqft,Sector 82A,Semi-Furnished,1,3,DLF The Primus
"3 BHK Flat for Sale in Sushant Lok, Gurgaon",2.20 Cr,1430 sqft,Gurgaon,Unfurnished,2,3,N/A
"3 BHK Flat for Sale in Pioneer Park, Sector 61, Gurgaon",2.80 Cr,1990 sqft,Sector 61,Semi-Furnished,2,3,Pioneer Park
"4 BHK Flat for Sale in DLF Crest, Sector 54, Gurgaon",12.50 Cr,2700 sqft,Sector 54,Semi-Furnished,3,5,DLF Crest
"3 BHK Flat for Sale in Central Park 1, Sector 42, Gurgaon",3.50 Cr,1560 sqft,Sector 42,Semi-Furnished,2,3,Central Park 1
"4 BHK Flat for Sale in South City II, Gurgaon",1.99 Cr,2700 sqft,Gurgaon,Semi-Furnished,2,4,N/A
"3 BHK Flat for Sale in Puri Diplomatic Greens, Sector 111, Gurgaon",2.32 Cr,1810 sqft,Sector 111,Unfurnished,2,3,Puri Diplomatic Greens
"3 BHK Flat for Sale in DLF The Primus, Sector 82A, Gurgaon",2.40 Cr,1500 sqft,Sector 82A,Semi-Furnished,1,3,DLF The Primus
"4 BHK Flat for Sale in Suncity, Sector 54, DLF Golf Course Road, Gurgaon",1.80 Cr,1340 sqft,Sector 54,Semi-Furnished,1,4,N/A
"4 BHK Flat for Sale in Uppal Southend, Sector 49, Gurgaon",1.95 Cr,2800 sqft,Sector 49,Furnished,2,4,Uppal Southend
"5 BHK Flat for Sale in Phase 1 DLF, Gurgaon",9.90 Cr,500 sqyrd,Gurgaon,Semi-Furnished,2,5,N/A
"3 BHK Flat for Sale in Anant Raj Estate, Sector 63A, Gurgaon",2.10 Cr,1900 sqft,Sector 63A,Semi-Furnished,2,3,Anant Raj Estate
"3 BHK Flat for Sale in Shapoorji Pallonji Joyville, Sector 102, Gurgaon",2.08 Cr,1877 sqft,Sector 102,Semi-Furnished,N/A,3,Shapoorji Pallonji Joyville
"3 BHK Flat for Sale in Adani Samsara Vilasa, Sector 63, Gurgaon",4.22 Cr,1870 sqft,Sector 63,Semi-Furnished,1,3,Adani Samsara Vilasa
"5 BHK Flat for Sale in Independent Floors at DLF City Phase I and III, Phase 3 DLF, Gurgaon",6.22 Cr,3280 sqft,Phase 3 DLF,Semi-Furnished,1,4,Independent Floors at DLF City Phase I and III
"3 BHK Flat for Sale in M3M Capital, Sector 113, Gurgaon",2.50 Cr,1650 sqft,Sector 113,Unfurnished,1,3,M3M Capital
"2 BHK Flat for Sale in Eldeco Acclaim, Sohna, Gurgaon",92 Lac,1269 sqft,Sohna,Unfurnished,N/A,2,Eldeco Acclaim
"3 BHK Flat for Sale in Signature Global City 93, Sector 93, Gurgaon",1.24 Cr,1387 sqft,Sector 93,Semi-Furnished,1,3,Signature Global City 93
"4 BHK Flat for Sale in Sector 51, Gurgaon",3.10 Cr,1846 sqft,Gurgaon,Furnished,2,4,N/A
"3 BHK Flat for Sale in Tulip Monsella, Sector 53, Gurgaon",6.50 Cr,2892 sqft,Sector 53,Semi-Furnished,2,4,Tulip Monsella
"3 BHK Flat for Sale in Birla Navya, Sector 63A, Gurgaon",2.50 Cr,1300 sqft,Sector 63A,Semi-Furnished,2,3,Birla Navya
"4 BHK Flat for Sale in Block A Sushant Lok Phase I, Gurgaon",3.20 Cr,2650 sqft,Gurgaon,Semi-Furnished,3,4,N/A
"4 BHK Flat for Sale in Indiabulls Enigma, Sector 110, Gurgaon",3.64 Cr,3000 sqft,Sector 110,Semi-Furnished,1,4,Indiabulls Enigma
"4 BHK Flat for Sale in Unitech Heritage City, Mehrauli Gurgaon Road, Gurgaon",4.24 Cr,3000 sqft,Mehrauli Gurgaon Road,Unfurnished,N/A,4,Unitech Heritage City
"4 BHK Flat for Sale in Adani Brahma Samsara, Sector 63, Gurgaon",4.65 Cr,2321 sqft,Sector 63,Unfurnished,2,4,Adani Brahma Samsara
"3 BHK Flat for Sale in Corona Gracieux, Sector 76, Delhi Gurgaon Expressway, Gurgaon",1.05 Cr,1141 sqft,Sector 76,Semi-Furnished,2,3,Corona Gracieux
"3 BHK Villa for Sale in Unitech Nirvana Villas, Nirvana Country, Sector 50 Gurgaon",7.25 Cr,2700 sqft,Nirvana Country,Semi-Furnished,2,3,Unitech Nirvana Villas
"3 BHK Flat for Sale in Emaar Gurgaon Greens, Gurgaon Delhi Expressway, Gurgaon",1.56 Cr,1100 sqft,Gurgaon Delhi Expressway,Unfurnished,1,3,Emaar Gurgaon Greens
"3 BHK Flat for Sale in Unitech Escape, Nirvana Country, Sector 50, Gurgaon",2.60 Cr,1780 sqft,Nirvana Country,Semi-Furnished,2,3,Unitech Escape
"3 BHK Flat for Sale in Bestech Park View City 2, Sector 49, Gurgaon",2.30 Cr,1500 sqft,Sector 49,Semi-Furnished,1,3,Bestech Park View City 2
"4 BHK Flat for Sale in Sector 67A, Gurgaon",2.25 Cr,1650 sqft,Gurgaon,Unfurnished,N/A,4,N/A
"4 BHK Flat for Sale in Ireo Victory Valley, Sector 67, Gurgaon",5.15 Cr,3192 sqft,Sector 67,Semi-Furnished,2,4,Ireo Victory Valley
"4 BHK Flat for Sale in Sector 40, Gurgaon",2.60 Cr,2900 sqft,Gurgaon,Semi-Furnished,2,4,N/A
"4 BHK Flat for Sale in ATS Triumph, Sector 104, Gurgaon",2.75 Cr,3150 sqft,Sector 104,Semi-Furnished,1,4,ATS Triumph
"2 BHK Flat for Sale in M3M Antalya Hills Phase II, Sector 79, Gurgaon",1.03 Cr,938 sqft,Sector 79,Semi-Furnished,1,2,M3M Antalya Hills Phase II
"3 BHK Flat for Sale in Signature Global City 93, Sector 93, Gurgaon",1.11 Cr,936 sqft,Sector 93,Semi-Furnished,1,3,Signature Global City 93
"4 BHK Flat for Sale in ATS Tourmaline, Sector 109, Gurgaon",5.35 Cr,3200 sqft,Sector 109,Unfurnished,3,4,ATS Tourmaline
"3 BHK Flat for Sale in Sector 57, Gurgaon",1.70 Cr,1500 sqft,Gurgaon,Semi-Furnished,N/A,3,N/A
"4 BHK Flat for Sale in Block F Sector 57, Gurgaon",2.30 Cr,2100 sqft,Gurgaon,Semi-Furnished,2,4,N/A
"3 BHK Flat for Sale in Sector 83, Gurgaon",1.25 Cr,2583 sqft,Gurgaon,Unfurnished,1,3,N/A
"3 BHK Flat for Sale in DLF The Ultima, Sector 81, Gurgaon",2.15 Cr,1900 sqft,Sector 81,Unfurnished,1,3,DLF The Ultima
"4 BHK Flat for Sale in DLF New Town Heights 1, Sector 90, Gurgaon",2 Cr,2250 sqft,Sector 90,Unfurnished,N/A,5,DLF New Town Heights 1
"3 BHK Flat for Sale in Paras Dews, Sector 106, Gurgaon",1.35 Cr,1760 sqft,Sector 106,Unfurnished,N/A,4,Paras Dews
"3 BHK Flat for Sale in SS Linden Floors, Sector 84, Gurgaon",1.80 Cr,200 sqft,Sector 84,Semi-Furnished,N/A,4,SS Linden Floors
"4 BHK Flat for Sale in M3M Crown Phase 1, Sector 111, Gurgaon",3.30 Cr,1750 sqft,Sector 111,Semi-Furnished,2,5,M3M Crown Phase 1
"3 BHK Flat for Sale in Malibu Town, Malibu Town, Sector 47, Gurgaon",2 Cr,1357 sqft,Malibu Town,Semi-Furnished,2,3,Malibu Town
"2 BHK Flat for Sale in M3M Capital, Sector 113, Gurgaon",1.50 Cr,1100 sqft,Sector 113,Semi-Furnished,1,2,M3M Capital
"2 BHK Flat for Sale in The Melia, Sector 35 Sohna, Gurgaon",1.10 Cr,873 sqft,Sector 35 Sohna,Semi-Furnished,1,2,The Melia
"3 BHK Flat for Sale in Signature Global City 37D II, Sector 37D, Delhi Gurgaon Expressway, Gurgaon",1 Cr,2013 sqft,Sector 37D,Semi-Furnished,1,3,Signature Global City 37D II
9 BHK House for Sale in Sector 40 Gurgaon,4.90 Cr,1967 sqft,N/A,Semi-Furnished,3,9,N/A
"4 BHK Flat for Sale in Elevate, Sector 59, Gurgaon",6.11 Cr,1855 sqft,Sector 59,Semi-Furnished,2,4,Elevate
"3 BHK Flat for Sale in Signature Global City 37D, Sector 37D, Delhi Gurgaon Expressway, Gurgaon",81.2 Lac,870 sqft,Sector 37D,Furnished,1,3,Signature Global City 37D
"2 BHK Flat for Sale in Central Park Flower Valley, Sohna, Gurgaon",1.25 Cr,1093 sqft,Sohna,Semi-Furnished,1,2,Central Park Flower Valley
"2 BHK Flat for Sale in Godrej Aria, Sector 79, Gurgaon",1.27 Cr,809 sqft,Sector 79,Semi-Furnished,1,2,Godrej Aria
"3 BHK Flat for Sale in Anant Raj Estate, Sector 63A, Gurgaon",2.10 Cr,1632 sqft,Sector 63A,Semi-Furnished,1,3,Anant Raj Estate
"4 BHK Flat for Sale in Phase 1 DLF, Gurgaon",4.50 Cr,3000 sqft,Gurgaon,Semi-Furnished,3,5,N/A
"4 BHK Flat for Sale in DLF City Independent Floors, DLF Cyber City, Gurgaon",4.58 Cr,3859 sqft,DLF Cyber City,Semi-Furnished,2,5,DLF City Independent Floors
"2 BHK Flat for Sale in M3M Heights, Sector 65, Gurgaon",2.23 Cr,1200 sqft,Sector 65,Semi-Furnished,1,2,M3M Heights
"3 BHK Flat for Sale in Anant Raj Estate Plots, Sector 63A, Gurgaon",2.10 Cr,1611 sqft,Sector 63A,Unfurnished,2,3,Anant Raj Estate Plots
"3 BHK Flat for Sale in Whiteland Blissville, Sector 76, Delhi Gurgaon Expressway, Gurgaon",1.52 Cr,1126 sqft,Sector 76,Semi-Furnished,1,3,Whiteland Blissville
"4 BHK Flat for Sale in Assotech Blith, Sector 99, Gurgaon",2.20 Cr,1643 sqft,Sector 99,Semi-Furnished,3,4,Assotech Blith
"2 BHK Flat for Sale in M3M Capital, Sector 113, Gurgaon",1.96 Cr,1310 sqft,Sector 113,Semi-Furnished,1,2,M3M Capital
"3 BHK Flat for Sale in Godrej Aria, Sector 79, Gurgaon",2.30 Cr,1700 sqft,Sector 79,Semi-Furnished,1,3,Godrej Aria
"3 BHK Flat for Sale in Daulatabad, Gurgaon",1.68 Cr,1350 sqft,Gurgaon,Semi-Furnished,1,3,N/A
"4 BHK Flat for Sale in Block C Sushant Lok Phase I, Gurgaon",3 Cr,2200 sqft,Gurgaon,Semi-Furnished,2,4,N/A
"5 BHK Villa for Sale in Sobha International City, Sector 109 Gurgaon",6.75 Cr,4000 sqft,Sector 109 Gurgaon,Unfurnished,2,6,Sobha International City
"3 BHK Flat for Sale in Sector 57, Gurgaon",1.65 Cr,1250 sqft,Gurgaon,Semi-Furnished,1,3,N/A
"2 BHK Flat for Sale in Ashiana Anmol Phase 3, Sector 33 Sohna, Gurgaon",1.02 Cr,914 sqft,Sector 33 Sohna,Semi-Furnished,1,2,Ashiana Anmol Phase 3
"3 BHK Flat for Sale in Elevate, Sector 59, Gurgaon",3.35 Cr,1381 sqft,Sector 59,Semi-Furnished,1,3,Elevate
"4 BHK Flat for Sale in Whiteland The ASPEN, Sector 76, Delhi Gurgaon Expressway, Gurgaon",7.66 Cr,3019 sqft,Sector 76,Semi-Furnished,1,4,Whiteland The ASPEN
"3 BHK Flat for Sale in Signature Global City 81, Sector 81, Gurgaon",1.25 Cr,1190 sqft,Sector 81,Unfurnished,1,2,Signature Global City 81
"3 BHK Flat for Sale in Mahindra Luminare, Sector 59, Gurgaon",5.60 Cr,2900 sqft,Sector 59,Semi-Furnished,2,3,Mahindra Luminare
"3 BHK Flat for Sale in The Orchard, Sector 32 Sohna, Gurgaon",3.78 Cr,1351 sqft,Sector 32 Sohna,Semi-Furnished,2,3,The Orchard
"4 BHK Flat for Sale in Smart World Gems, Sector 82A, Gurgaon",1.20 Cr,1200 sqft,Sector 82A,Semi-Furnished,1,3,Smart World Gems
"4 BHK Flat for Sale in Block B Sushant Lok Phase I, Gurgaon",3.15 Cr,2650 sqft,Gurgaon,Semi-Furnished,N/A,4,N/A
"2 BHK Flat for Sale in Eldeco Accolade, Sohna, Gurgaon",1 Cr,726 sqft,Sohna,Unfurnished,N/A,2,Eldeco Accolade
"3 BHK Flat for Sale in Ramprastha Primera, Sector 37D, Delhi Gurgaon Expressway, Gurgaon",1.16 Cr,1400 sqft,Sector 37D,Unfurnished,N/A,2,Ramprastha Primera
"3 BHK Flat for Sale in Hero Homes, Sector 104, Gurgaon",1.80 Cr,1689 sqft,Sector 104,Semi-Furnished,1,3,Hero Homes
"3 BHK Flat for Sale in Hero Homes, Northern Peripheral Road, Gurgaon",1.50 Cr,1359 sqft,Northern Peripheral Road,Unfurnished,1,3,Hero Homes
"4 BHK Flat for Sale in DLF The Arbour, Sector 63, Gurgaon",7.42 Cr,3700 sqft,Sector 63,Semi-Furnished,1,5,DLF The Arbour
"3 BHK Flat for Sale in Signature Global City 92, Sector 92, Gurgaon",52.7 Lac,959 sqft,Sector 92,Semi-Furnished,1,3,Signature Global City 92
"2 BHK Flat for Sale in Godrej 101, Sector 79, Gurgaon",1.02 Cr,1070 sqft,Sector 79,Semi-Furnished,2,2,Godrej 101
"4 BHK Flat for Sale in Uppal Southend Plots, Uppal Southend, Sector 49, Sohna Road, Gurgaon",3.45 Cr,2100 sqft,Uppal Southend,Unfurnished,2,5,Uppal Southend Plots
"2 BHK Flat for Sale in Godrej Meridien, Sector 106, Gurgaon",1.63 Cr,980 sqft,Sector 106,Semi-Furnished,1,2,Godrej Meridien
"5 BHK Flat for Sale in Unitech Nirvana Country, Sector 50, Gurgaon",5.40 Cr,3300 sqft,Sector 50,Semi-Furnished,3,5,Unitech Nirvana Country
"3 BHK Flat for Sale in Smart World Orchard, Sector 61, Gurgaon",2.15 Cr,1400 sqft,Sector 61,Semi-Furnished,1,3,Smart World Orchard
"4 BHK Flat for Sale in Whiteland The ASPEN, Sector 76, Delhi Gurgaon Expressway, Gurgaon",4.25 Cr,2290 sqft,Sector 76,Furnished,2,6,Whiteland The ASPEN
"3 BHK Flat for Sale in Signature Global Park 4 and 5, Sector 36 Sohna, Gurgaon",85 Lac,140 sqyrd,Sector 36 Sohna,Semi-Furnished,1,2,Signature Global Park 4 and 5
"3 BHK Flat for Sale in M3M Capital, Sector 113, Gurgaon",1.73 Cr,1665 sqft,Sector 113,Semi-Furnished,1,3,M3M Capital
"3 BHK Flat for Sale in Sobha City, Sector 108, Gurgaon",3.73 Cr,2073 sqft,Sector 108,Semi-Furnished,2,3,Sobha City
"5 BHK Flat for Sale in Elan The Presidential, Sector 106, Gurgaon",6.30 Cr,2700 sqft,Sector 106,Semi-Furnished,3,5,Elan The Presidential
"3 BHK Flat for Sale in Tulip Yellow, Sector 69, Gurgaon",1.70 Cr,1400 sqft,Sector 69,Semi-Furnished,1,3,Tulip Yellow
"3 BHK Flat for Sale in Adani Samsara Vilasa, Sector 63, Gurgaon",3.15 Cr,2674 sqft,Sector 63,Semi-Furnished,N/A,3,Adani Samsara Vilasa
"3 BHK Flat for Sale in Elan The Presidential, Sector 106, Gurgaon",1.91 Cr,1000 sqft,Sector 106,Semi-Furnished,1,3,Elan The Presidential
"4 BHK Flat for Sale in DLF The Arbour, Sector 63, Gurgaon",7.40 Cr,3500 sqft,Sector 63,Semi-Furnished,2,6,DLF The Arbour
"3 BHK Flat for Sale in Whiteland Blissville, Sector 76, Delhi Gurgaon Expressway, Gurgaon",2.55 Cr,1240 sqft,Sector 76,Semi-Furnished,2,3,Whiteland Blissville
"3 BHK Flat for Sale in Huda Colony Sector 46, Gurgaon",2.20 Cr,1695 sqft,Gurgaon,Semi-Furnished,2,3,N/A
"4 BHK Flat for Sale in DLF The Arbour, Sector 63, Gurgaon",7.01 Cr,3949 sqft,Sector 63,Furnished,3,4,DLF The Arbour
"3 BHK Flat for Sale in DLF Gardencity Enclave, Sector 93, Gurgaon",1.45 Cr,1593 sqft,Sector 93,Semi-Furnished,1,4,DLF Gardencity Enclave
"2 BHK Flat for Sale in M3M Antalya Hills Phase II, Sector 79, Gurgaon",1.14 Cr,900 sqft,Sector 79,Semi-Furnished,1,2,M3M Antalya Hills Phase II
"3 BHK Flat for Sale in Navraj The Antalyas, Garauli Khurd, Sector 37D, Delhi Gurgaon Expressway, Gurgaon",2.08 Cr,1422 sqft,Garauli Khurd,Semi-Furnished,1,3,Navraj The Antalyas
"3 BHK Flat for Sale in Smart World Orchard, Ullahawas, Sector 61, Golf Course Extension Road, Gurgaon",2.10 Cr,1600 sqft,Ullahawas,Furnished,1,4,Smart World Orchard
"3 BHK Flat for Sale in SS Residential Condominium, Sector 83, Gurgaon",1.22 Cr,861 sqft,Sector 83,Unfurnished,1,2,SS Residential Condominium
"4 BHK Flat for Sale in DLF The Arbour, Sector 63, Gurgaon",8 Cr,2800 sqft,Sector 63,Semi-Furnished,N/A,5,DLF The Arbour
"2 BHK Flat for Sale in Signature Global City 63A, Sector 63A, Gurgaon",1.40 Cr,1050 sqft,Sector 63A,Semi-Furnished,N/A,2,Signature Global City 63A
"3 BHK Flat for Sale in Pioneer Park, Ullahawas, Sector 61, Golf Course Extension Road, Gurgaon",2.25 Cr,1200 sqft,Ullahawas,Furnished,2,2,Pioneer Park
"4 BHK Flat for Sale in SS Linden Floors, Sector 84, Gurgaon",2.35 Cr,2722 sqft,Sector 84,Semi-Furnished,1,4,SS Linden Floors
"4 BHK Flat for Sale in Godrej Air, Sector 85, Gurgaon",2.60 Cr,1900 sqft,Sector 85,Semi-Furnished,2,4,Godrej Air
"4 BHK Flat for Sale in Sector 66 Sohna, Gurgaon",4.99 Cr,2900 sqft,Gurgaon,Semi-Furnished,N/A,4,N/A
"2 BHK Flat for Sale in Hero Homes, Sector 104, Gurgaon",96 Lac,1099 sqft,Sector 104,Semi-Furnished,1,2,Hero Homes
"2 BHK Flat for Sale in M3M Golf Hills Phase 1, Sector 79, Gurgaon",1.62 Cr,950 sqft,Sector 79,Semi-Furnished,1,2,M3M Golf Hills Phase 1
"3 BHK Flat for Sale in Navraj The Antalyas, Sector 37D, Delhi Gurgaon Expressway, Gurgaon",2.08 Cr,1800 sqft,Sector 37D,Semi-Furnished,1,3,Navraj The Antalyas
"4 BHK Flat for Sale in Ansal Versalia, Sector 67A, Gurgaon",1.85 Cr,2100 sqft,Sector 67A,Semi-Furnished,2,4,Ansal Versalia
"4 BHK Flat for Sale in DLF Garden City Floors, Sector 92, Gurgaon",2.20 Cr,1926 sqft,Sector 92,Unfurnished,2,4,DLF Garden City Floors
"3 BHK Flat for Sale in Signature Global City 93, Sector 93, Gurgaon",1.27 Cr,1530 sqft,Sector 93,Semi-Furnished,1,3,Signature Global City 93
"3 BHK Flat for Sale in M3M Antalya Hills Phase I, Sector 79, Gurgaon",1.45 Cr,1200 sqft,Sector 79,Semi-Furnished,1,3,M3M Antalya Hills Phase I
"3 BHK Flat for Sale in Godrej Nature Plus, Sector 33 Sohna, Gurgaon",1.70 Cr,1150 sqft,Sector 33 Sohna,Unfurnished,1,3,Godrej Nature Plus
"3 BHK Flat for Sale in Urban Oasis, Sector 62, Gurgaon",3.25 Cr,1400 sqft,Sector 62,Unfurnished,1,3,Urban Oasis
"3 BHK Flat for Sale in Hero Homes, Sector 104, Gurgaon",1.50 Cr,1389 sqft,Sector 104,Semi-Furnished,1,3,Hero Homes
"3 BHK Flat for Sale in M3M Capital, Sector 113, Gurgaon",2.16 Cr,1665 sqft,Sector 113,Unfurnished,N/A,3,M3M Capital
"4 BHK Flat for Sale in Luxury Builder Floors, South City I, Gurgaon",3.05 Cr,2475 sqft,South City I,Semi-Furnished,2,4,Luxury Builder Floors
"3 BHK Flat for Sale in Godrej Nature Plus, Sector 33 Sohna, Gurgaon",2 Cr,1470 sqft,Sector 33 Sohna,Semi-Furnished,2,3,Godrej Nature Plus
"3 BHK Flat for Sale in Signature Global City 63A, Sector 63A, Gurgaon",2.12 Cr,1460 sqft,Sector 63A,Semi-Furnished,1,3,Signature Global City 63A
"3 BHK Flat for Sale in M3M Heights, Sector 65, Gurgaon",2.66 Cr,1800 sqft,Sector 65,Unfurnished,1,4,M3M Heights
"4 BHK Flat for Sale in Birla Navya, Sector 63A, Gurgaon",3.38 Cr,1900 sqft,Sector 63A,Unfurnished,1,4,Birla Navya
"3 BHK Flat for Sale in Mahindra Luminare, Sector 59, Gurgaon",5.60 Cr,2200 sqft,Sector 59,Semi-Furnished,2,4,Mahindra Luminare
"3 BHK Flat for Sale in Mahindra Luminare, Sector 59, Gurgaon",5.65 Cr,3000 sqft,Sector 59,Semi-Furnished,2,4,Mahindra Luminare
"3 BHK Flat for Sale in Experion Windchants, Sector 112, Gurgaon",4.25 Cr,3400 sqft,Sector 112,Semi-Furnished,1,3,Experion Windchants
"3 BHK Flat for Sale in MRG Crown, Sector 106, Gurgaon",1.90 Cr,1593 sqft,Sector 106,Semi-Furnished,1,3,MRG Crown
"2 BHK Flat for Sale in Sector 113, Gurgaon",1.32 Cr,945 sqft,Gurgaon,Semi-Furnished,1,2,N/A
"4 BHK Flat for Sale in Phase 1 DLF, Gurgaon",3.80 Cr,2100 sqft,Gurgaon,Semi-Furnished,2,3,N/A
"4 BHK Flat for Sale in Sector 89, Gurgaon",2.15 Cr,2210 sqft,Gurgaon,Semi-Furnished,2,4,N/A
"4 BHK Flat for Sale in SS Linden Floors, Sihi Village Sector 84, Gurgaon",2.30 Cr,2722 sqft,Sihi Village Sector 84,Semi-Furnished,1,4,SS Linden Floors
"3 BHK Flat for Sale in Elevate, Sector 59, Gurgaon",4.29 Cr,1159 sqft,Sector 59,Semi-Furnished,1,3,Elevate
"5 BHK Flat for Sale in Sector 106, Gurgaon",5.75 Cr,3500 sqft,Gurgaon,Semi-Furnished,2,6,N/A
"3 BHK Flat for Sale in M3M Golf Hills Phase 1, Sector 79, Gurgaon",1.94 Cr,1890 sqft,Sector 79,Semi-Furnished,1,3,M3M Golf Hills Phase 1
"3 BHK Flat for Sale in Tulip Yellow, Sector 69, Gurgaon",1.85 Cr,1135 sqft,Sector 69,Unfurnished,1,3,Tulip Yellow
"3 BHK Flat for Sale in Elevate, Sector 59, Gurgaon",4.30 Cr,2595 sqft,Sector 59,Semi-Furnished,2,3,Elevate
"3 BHK Flat for Sale in SS The Leaf, Sector 85, Gurgaon",1.52 Cr,950 sqft,Sector 85,Semi-Furnished,1,3,SS The Leaf
"3 BHK Flat for Sale in Experion Windchants, Sector 112, Gurgaon",4.90 Cr,3000 sqft,Sector 112,Semi-Furnished,1,4,Experion Windchants
"2 BHK Flat for Sale in Emaar Digi Homes, Sector 62, Gurgaon",2.55 Cr,803 sqft,Sector 62,Semi-Furnished,1,2,Emaar Digi Homes
"3 BHK Flat for Sale in Sector 65, Gurgaon",2.65 Cr,1650 sqft,Gurgaon,Unfurnished,1,3,N/A
"3 BHK Flat for Sale in Godrej Meridien, Sector 106, Gurgaon",2.80 Cr,1501 sqft,Sector 106,Unfurnished,1,3,Godrej Meridien
"3 BHK Flat for Sale in Adani Samsara Vilasa, Sector 63, Gurgaon",2.70 Cr,1600 sqft,Sector 63,Semi-Furnished,2,3,Adani Samsara Vilasa
"3 BHK Flat for Sale in Birla Navya Avik Phase 1, Sector 63A, Gurgaon",3.46 Cr,1389 sqft,Sector 63A,Furnished,1,2,Birla Navya Avik Phase 1
"2 BHK Flat for Sale in Godrej Air, Sector 85, Gurgaon",1.35 Cr,1100 sqft,Sector 85,Unfurnished,255,2,Godrej Air
"3 BHK Flat for Sale in BPTP PARK SERENE, Sector 37D, Delhi Gurgaon Expressway, Gurgaon",1.29 Cr,1814 sqft,Sector 37D,Unfurnished,1,3,BPTP PARK SERENE
"4 BHK Flat for Sale in M3M Flora, Sector 68, Gurgaon",1.16 Cr,1185 sqft,Sector 68,Unfurnished,1,3,M3M Flora
"3 BHK Flat for Sale in Vipul World Floors , Uppal Southend, Sector 49, Sohna Road, Gurgaon",2.10 Cr,1500 sqft,Uppal Southend,Semi-Furnished,1,3,Vipul World Floors
"4 BHK Flat for Sale in Ashiana Amarah, Sector 93, Gurgaon",1.80 Cr,2000 sqft,Sector 93,Semi-Furnished,1,4,Ashiana Amarah
"3 BHK Flat for Sale in Whiteland The ASPEN, Sector 76, Delhi Gurgaon Expressway, Gurgaon",2.95 Cr,2200 sqft,Sector 76,Semi-Furnished,N/A,3,Whiteland The ASPEN
"4 BHK Flat for Sale in DLF Privana, Sector 76, Delhi Gurgaon Expressway, Gurgaon",4.34 Cr,3400 sqft,Sector 76,Semi-Furnished,2,4,DLF Privana
"3 BHK Flat for Sale in Whiteland Blissville, Sector 76, Delhi Gurgaon Expressway, Gurgaon",1.45 Cr,1371 sqft,Sector 76,Semi-Furnished,N/A,3,Whiteland Blissville
"3 BHK Flat for Sale in Signature Global City 37D, Sector 37D, Delhi Gurgaon Expressway, Gurgaon",1.25 Cr,1440 sqft,Sector 37D,Semi-Furnished,1,3,Signature Global City 37D
"4 BHK Flat for Sale in Elevate, Sector 59, Gurgaon",5.77 Cr,2800 sqft,Sector 59,Semi-Furnished,1,5,Elevate
"3 BHK Flat for Sale in Sector 55, Gurgaon",1.99 Cr,1425 sqft,Gurgaon,Semi-Furnished,1,3,N/A
" Studio Apartment for Sale in Paragon Code 57, Block F Sector 57, Gurgaon",1.60 Cr,1010 sqft,Block F Sector 57,Unfurnished,1,1,Paragon Code 57
"2 BHK Flat for Sale in Godrej Habitat , Sector 3, Gurgaon",1.13 Cr,1050 sqft,Sector 3,Semi-Furnished,1,2,Godrej Habitat
"3 BHK Flat for Sale in Godrej Air, Sector 85, Gurgaon",2.20 Cr,2129 sqft,Sector 85,Semi-Furnished,2,4,Godrej Air
"4 BHK Flat for Sale in Shapoorji Pallonji Joyville Gurugram, Sector 102, Gurgaon",2.68 Cr,1236 sqft,Sector 102,Semi-Furnished,2,4,Shapoorji Pallonji Joyville Gurugram
"3 BHK Flat for Sale in DLF Gardencity Enclave, Sector 93, Gurgaon",1.45 Cr,1250 sqft,Sector 93,Semi-Furnished,1,3,DLF Gardencity Enclave
"3 BHK Flat for Sale in Eldeco Acclaim, Sohna, Gurgaon",1 Cr,950 sqft,Sohna,Semi-Furnished,N/A,2,Eldeco Acclaim
"2 BHK Flat for Sale in M3M Heights, Sector 65, Gurgaon",1.75 Cr,878 sqft,Sector 65,Unfurnished,1,2,M3M Heights
"3 BHK Flat for Sale in Smart World Orchard, Sector 61, Gurgaon",2.05 Cr,1056 sqft,Sector 61,Semi-Furnished,1,3,Smart World Orchard
"3 BHK Flat for Sale in Ashok Estate, Sector 63A, Gurgaon",2.20 Cr,1210 sqft,Sector 63A,Semi-Furnished,N/A,3,Ashok Estate
"2 BHK Flat for Sale in Signature Global City 81, Sector 81, Gurgaon",1.05 Cr,1000 sqft,Sector 81,Semi-Furnished,1,2,Signature Global City 81
"3 BHK Flat for Sale in Hero Homes, Sector 104, Gurgaon",1.28 Cr,861 sqft,Sector 104,Semi-Furnished,N/A,2,Hero Homes
"2 BHK Flat for Sale in Emaar Digi Homes, Sector 62, Gurgaon",2.10 Cr,1000 sqft,Sector 62,Semi-Furnished,1,2,Emaar Digi Homes
"5 BHK Flat for Sale in Elan The Presidential, Sector 106, Gurgaon",6 Cr,3400 sqft,Sector 106,Furnished,3,6,Elan The Presidential
"3 BHK Flat for Sale in Sector 81A, NH 8, Gurgaon",1.05 Cr,1205 sqft,NH 8,Semi-Furnished,1,2,N/A
"2 BHK Flat for Sale in Krisumi Waterfall Residences, Sector 36A, Gurgaon",2.10 Cr,1479 sqft,Sector 36A,Unfurnished,N/A,2,Krisumi Waterfall Residences
"3 BHK Flat for Sale in Smartworld One DXP, Sector 113, Gurgaon",2.37 Cr,1100 sqft,Sector 113,Semi-Furnished,1,3,Smartworld One DXP
"3 BHK Flat for Sale in Birla Navya Anaika, Sector 63A, Gurgaon",3.62 Cr,1650 sqft,Sector 63A,Semi-Furnished,2,3,Birla Navya Anaika
"3 BHK Flat for Sale in Emaar Digi Homes, Sector 62, Gurgaon",4.15 Cr,1820 sqft,Sector 62,Semi-Furnished,2,3,Emaar Digi Homes
"4 BHK Flat for Sale in DLF City Independent Floors, Phase 2 DLF, Gurgaon",3.30 Cr,170 sqyrd,Phase 2 DLF,Semi-Furnished,N/A,4,DLF City Independent Floors
"3 BHK Flat for Sale in Emaar Digi Homes, Sector 62, Gurgaon",3.99 Cr,2567 sqft,Sector 62,Furnished,2,3,Emaar Digi Homes
"3 BHK Flat for Sale in Shapoorji Pallonji Joyville, Sector 102, Gurgaon",2.05 Cr,1027 sqft,Sector 102,Semi-Furnished,1,3,Shapoorji Pallonji Joyville
"3 BHK Flat for Sale in Signature Global Prime, Sector 63A, Gurgaon",1.95 Cr,1750 sqft,Sector 63A,Semi-Furnished,1,3,Signature Global Prime
"4 BHK Flat for Sale in DLF Garden City Floors, Sector 91, Gurgaon",2 Cr,1875 sqft,Sector 91,Semi-Furnished,2,4,DLF Garden City Floors
"3 BHK Flat for Sale in Signature Global City 93, Sector 93, Gurgaon",1.30 Cr,996 sqft,Sector 93,Semi-Furnished,1,3,Signature Global City 93
"4 BHK Flat for Sale in Suncity, Sector 54, DLF Golf Course Road, Gurgaon",4.50 Cr,3600 sqft,Sector 54,Unfurnished,N/A,4,N/A
"4 BHK Flat for Sale in SS Linden Floors, Sector 84, Gurgaon",1.95 Cr,2722 sqft,Sector 84,Semi-Furnished,2,4,SS Linden Floors
"4 BHK Flat for Sale in Bestech Altura, Sector 79, Gurgaon",2.40 Cr,2600 sqft,Sector 79,Semi-Furnished,2,5,Bestech Altura
"4 BHK Flat for Sale in Orchid IVY, Sector 51, Gurgaon",3.50 Cr,2890 sqft,Sector 51,Semi-Furnished,3,4,Orchid IVY
"3 BHK Flat for Sale in MRG Crown, Sector 106, Gurgaon",1.75 Cr,1400 sqft,Sector 106,Semi-Furnished,1,3,MRG Crown
"3 BHK Flat for Sale in Trump Tower, Sector 65, Gurgaon",8 Cr,3525 sqft,Sector 65,Semi-Furnished,N/A,2,Trump Tower
"3 BHK Flat for Sale in Elevate, Sector 59, Gurgaon",5.20 Cr,1895 sqft,Sector 59,Semi-Furnished,1,3,Elevate
"3 BHK Flat for Sale in SS Cendana, Sector 83, Gurgaon",1.18 Cr,1105 sqft,Sector 83,Semi-Furnished,1,3,SS Cendana
"2 BHK Flat for Sale in Sector 79, Gurgaon",1.70 Cr,1330 sqft,Gurgaon,Semi-Furnished,1,2,N/A
"4 BHK Flat for Sale in DLF Royale Residences, Phase 1 DLF, Gurgaon",4.30 Cr,1822 sqft,Phase 1 DLF,Semi-Furnished,2,4,DLF Royale Residences
"3 BHK Flat for Sale in Signature Global City 63A, Sector 63A, Gurgaon",1.90 Cr,1150 sqft,Sector 63A,Furnished,1,3,Signature Global City 63A
"3 BHK Flat for Sale in SS Cendana, Sector 83, Gurgaon",1.37 Cr,1450 sqft,Sector 83,Unfurnished,1,3,SS Cendana
"3 BHK Flat for Sale in Signature Signum 93, Sector 93, Gurgaon",1.20 Cr,1500 sqft,Sector 93,Semi-Furnished,1,3,Signature Signum 93
"3 BHK Flat for Sale in Godrej Meridien, Sector 106, Gurgaon",2.55 Cr,1550 sqft,Sector 106,Unfurnished,1,3,Godrej Meridien
"4 BHK Flat for Sale in Uppal Southend, Uppal Southend, Sector 49, Sohna Road, Gurgaon",3 Cr,2300 sqft,Uppal Southend,Semi-Furnished,2,4,Uppal Southend
"3 BHK Flat for Sale in Tata La Vida, Sector 113, Gurgaon",3.01 Cr,1800 sqft,Sector 113,Unfurnished,1,4,Tata La Vida
"4 BHK Flat for Sale in DLF The Arbour, Sector 63, Gurgaon",7.75 Cr,3900 sqft,Sector 63,Semi-Furnished,3,5,DLF The Arbour
"3 BHK Flat for Sale in DLF The Primus, Sector 82A, Gurgaon",1.58 Cr,1818 sqft,Sector 82A,Semi-Furnished,1,3,DLF The Primus
"4 BHK Flat for Sale in Sushant Lok 3, Sector 57, Gurgaon",2.22 Cr,2050 sqft,Sector 57,Semi-Furnished,3,4,N/A
"3 BHK Flat for Sale in Elevate, Sector 59, Gurgaon",3.80 Cr,1500 sqft,Sector 59,Semi-Furnished,2,5,Elevate
"5 BHK Flat for Sale in Phase 1 DLF, Gurgaon",4.50 Cr,3200 sqft,Gurgaon,Semi-Furnished,3,5,N/A
9 BHK House for Sale in Sector 51 Gurgaon,1.90 Cr,2600 sqft,N/A,Semi-Furnished,2,9,N/A
"3 BHK Flat for Sale in Sushant Lok 3, Sector 57, Gurgaon",1.95 Cr,200 sqyrd,Sector 57,Semi-Furnished,2,3,N/A
6 BHK House for Sale in Phase 2 DLF Gurgaon,14 Cr,6000 sqft,N/A,Semi-Furnished,1,6,N/A
"3 BHK Flat for Sale in Smart World Orchard, Sector 61, Gurgaon",2.25 Cr,1200 sqft,Sector 61,Semi-Furnished,1,3,Smart World Orchard
"3 BHK Flat for Sale in Sobha City, Sector 108, Gurgaon",3.69 Cr,1964 sqft,Sector 108,Semi-Furnished,1,3,Sobha City
"5 BHK Flat for Sale in Sector 48, Gurgaon",4.30 Cr,520 sqyrd,Gurgaon,Semi-Furnished,4,5,N/A
3 BHK Flat for Sale in Gurgaon,2.40 Cr,2150 sqft,N/A,Semi-Furnished,N/A,3,N/A
"5 BHK Flat for Sale in Luxurious Builder Floor, Sushant Lok 2 Sector 57, Gurgaon",4.10 Cr,3200 sqft,Sushant Lok 2 Sector 57,Semi-Furnished,N/A,5,Luxurious Builder Floor
"4 BHK Flat for Sale in Sector 57, Gurgaon",3.60 Cr,2400 sqft,Gurgaon,Unfurnished,2,5,N/A
"3 BHK Flat for Sale in Parsvnath Green Ville, Sohna Gurgaon Road, Gurgaon",2 Cr,2000 sqft,Sohna Gurgaon Road,Semi-Furnished,2,3,Parsvnath Green Ville
"4 BHK Flat for Sale in RWA Builder Floor, Phase 2 DLF, Gurgaon",4.90 Cr,3000 sqft,Phase 2 DLF,Semi-Furnished,2,4,RWA Builder Floor
"2 BHK Flat for Sale in M3M Capital, Sector 113, Gurgaon",1.65 Cr,1310 sqft,Sector 113,Semi-Furnished,1,2,M3M Capital
"2 BHK Flat for Sale in Signature Global City 37D, Sector 37D, Delhi Gurgaon Expressway, Gurgaon",79.6 Lac,990 sqft,Sector 37D,Unfurnished,1,2,Signature Global City 37D
"4 BHK Flat for Sale in Block B Sushant Lok Phase I, Gurgaon",3.15 Cr,2700 sqft,Gurgaon,Unfurnished,2,4,N/A
"2 BHK Flat for Sale in Ireo Victory Valley, Sector 67, Gurgaon",2.10 Cr,1120 sqft,Sector 67,Furnished,N/A,2,Ireo Victory Valley
"2 BHK Flat for Sale in Ambience Creacions, Sector 22, Gurgaon",1.98 Cr,1000 sqft,Sector 22,Semi-Furnished,1,2,Ambience Creacions
"4 BHK Flat for Sale in Kibithu Villas, Sector 48, Gurgaon",3.15 Cr,2800 sqft,Sector 48,Semi-Furnished,2,4,Kibithu Villas
"4 BHK Flat for Sale in Central Park The Orchard, Sector 32 Sohna, Gurgaon",7.50 Cr,2671 sqft,Sector 32 Sohna,Semi-Furnished,2,5,Central Park The Orchard
1 BHK Villa for Sale in Badshahpur Sohna Road Highway Gurgaon,12.50 Cr,350 sqyrd,N/A,Semi-Furnished,3,7,N/A
"4 BHK Flat for Sale in Phase 4 DLF, Gurgaon",4.45 Cr,3800 sqft,Gurgaon,Semi-Furnished,3,5,N/A
"3 BHK Flat for Sale in Sector 83, Gurgaon",1.57 Cr,1400 sqft,Gurgaon,Semi-Furnished,1,3,N/A
"4 BHK Flat for Sale in Whiteland The ASPEN, Sector 76, Delhi Gurgaon Expressway, Gurgaon",6.10 Cr,3251 sqft,Sector 76,Furnished,3,4,Whiteland The ASPEN
"3 BHK Flat for Sale in Signature Global City 93, Sector 93, Gurgaon",1.20 Cr,1600 sqft,Sector 93,Semi-Furnished,1,3,Signature Global City 93
"4 BHK Flat for Sale in Samsara Avasa, Sector 63, Gurgaon",3.60 Cr,1367 sqft,Sector 63,Unfurnished,1,4,Samsara Avasa
"3 BHK Flat for Sale in Urban Oasis, Sector 62, Gurgaon",4 Cr,1500 sqft,Sector 62,Semi-Furnished,1,3,Urban Oasis
"2 BHK Flat for Sale in Sweta Central Park II Belgravia, Tikri, Sector 48, Sohna Road, Gurgaon",3.25 Cr,1666 sqft,Tikri,Semi-Furnished,2,2,Sweta Central Park II Belgravia
"4 BHK Flat for Sale in Sector 2 Palam Vihar, Gurgaon",2.92 Cr,2555 sqft,Gurgaon,Unfurnished,2,5,N/A
"3 BHK Flat for Sale in Phase 2 DLF, Gurgaon",2.30 Cr,1500 sqft,Gurgaon,Semi-Furnished,2,3,N/A
"3 BHK Flat for Sale in Sector 46, Gurgaon",1.69 Cr,1310 sqft,Gurgaon,Semi-Furnished,2,3,N/A
"3 BHK Flat for Sale in Unitech Residency Greens, Greenwood City, Gurgaon",2.60 Cr,1540 sqft,Greenwood City,Semi-Furnished,1,3,Unitech Residency Greens
"4 BHK Flat for Sale in Palam Vihar, Gurgaon",3.30 Cr,2850 sqft,Gurgaon,Semi-Furnished,2,4,N/A
"3 BHK Flat for Sale in RWA Builder Floor, Phase 2 DLF, Gurgaon",2.05 Cr,1950 sqft,Phase 2 DLF,Semi-Furnished,N/A,3,RWA Builder Floor
"4 BHK Flat for Sale in Phase 2 DLF, Gurgaon",5.95 Cr,415 sqyrd,Gurgaon,Semi-Furnished,N/A,5,N/A
"4 BHK Flat for Sale in DLF City Phase 1, Sector 26, Gurgaon",4.45 Cr,2160 sqft,Sector 26,Semi-Furnished,1,4,DLF City Phase 1
"3 BHK Flat for Sale in Hightown Residences, Block A Sushant Lok Phase I, Gurgaon",3.55 Cr,2150 sqft,Block A Sushant Lok Phase I,Semi-Furnished,1,4,Hightown Residences
"2 BHK Flat for Sale in Signature Global City 79B 1, Sector 79, Gurgaon",85.8 Lac,1055 sqft,Sector 79,Semi-Furnished,1,2,Signature Global City 79B 1
"2 BHK Flat for Sale in M3M Heights, Sector 65, Gurgaon",1.90 Cr,1310 sqft,Sector 65,Semi-Furnished,1,2,M3M Heights
"4 BHK Flat for Sale in DLF Project Alameda, Sector 73, Delhi Gurgaon Expressway, Gurgaon",4.50 Cr,2600 sqft,Sector 73,Semi-Furnished,2,4,DLF Project Alameda
"4 BHK Flat for Sale in Adani Brahma Samsara, Sector 63, Gurgaon",3.70 Cr,1367 sqft,Sector 63,Semi-Furnished,N/A,4,Adani Brahma Samsara
"3 BHK Flat for Sale in Sector 5, Gurgaon",1.55 Cr,1600 sqft,Gurgaon,Semi-Furnished,2,3,N/A
"4 BHK Flat for Sale in Sushant Plaza, Sushant Lok, Gurgaon",2.85 Cr,1850 sqft,Sushant Lok,Semi-Furnished,2,4,Sushant Plaza
"5 BHK Flat for Sale in La Lagune Gurgaon, Golf Course Road, Gurgaon",9 Cr,5100 sqft,Golf Course Road,Semi-Furnished,3,6,La Lagune Gurgaon
"4 BHK Flat for Sale in Palam Vihar Residential Society, Palam Vihar, Gurgaon",2.30 Cr,360 sqyrd,Palam Vihar,Semi-Furnished,N/A,4,Palam Vihar Residential Society
"2 BHK Flat for Sale in Puri Emerald Bay, Sector 104, Gurgaon",1.65 Cr,1300 sqft,Sector 104,Unfurnished,1,3,Puri Emerald Bay
"4 BHK Flat for Sale in Vipul World, Sector 48, Gurgaon",2.60 Cr,2400 sqft,Sector 48,Semi-Furnished,1,5,Vipul World
"3 BHK Flat for Sale in Sector 51, Gurgaon",2.20 Cr,1950 sqft,Gurgaon,Semi-Furnished,N/A,3,N/A
"3 BHK Flat for Sale in Sector 57, Gurgaon",1.45 Cr,1800 sqft,Gurgaon,Semi-Furnished,1,3,N/A
"4 BHK Flat for Sale in Phase 1 DLF, Gurgaon",5.95 Cr,3200 sqft,Gurgaon,Semi-Furnished,2,5,N/A
"4 BHK Villa for Sale in Malibu Town, Sector 47 Gurgaon",15 Cr,3125 sqft,Sector 47 Gurgaon,Semi-Furnished,4,6,N/A
"4 BHK Flat for Sale in Sector 22, Gurgaon",2.45 Cr,1800 sqft,Gurgaon,Semi-Furnished,N/A,4,N/A
"3 BHK Flat for Sale in Palam Vihar Residential Society, Pocket C Palam Vihar, Gurgaon",2.90 Cr,2650 sqft,Pocket C Palam Vihar,Furnished,2,3,Palam Vihar Residential Society
"3 BHK Flat for Sale in Huda Floors, Block A Sector 45, Gurgaon",2.18 Cr,1893 sqft,Block A Sector 45,Semi-Furnished,2,4,Huda Floors
"5 BHK Villa for Sale in The Legend, Sushant Lok 3, Sector 57 Gurgaon",9 Cr,8000 sqft,Sushant Lok 3,Semi-Furnished,2,5,The Legend
"3 BHK Flat for Sale in ILD Grand Centra, Garauli Kalan, Sector 37C, Delhi Gurgaon Expressway, Gurgaon",1.22 Cr,1500 sqft,Garauli Kalan,Semi-Furnished,1,3,ILD Grand Centra
"2 BHK Flat for Sale in GLS Arawali Homes, Sector 4 Sohna, Gurgaon",29 Lac,480 sqft,Sector 4 Sohna,Unfurnished,N/A,2,GLS Arawali Homes
"4 BHK Flat for Sale in Unitech Heritage City, Mehrauli Gurgaon Road, Gurgaon",4.26 Cr,3025 sqft,Mehrauli Gurgaon Road,Semi-Furnished,1,4,Unitech Heritage City
"3 BHK Flat for Sale in South City I, Gurgaon",2.33 Cr,1600 sqft,Gurgaon,Furnished,N/A,3,N/A
"3 BHK Flat for Sale in DLF Wellington Estate, Phase 5 DLF, Gurgaon",2.20 Cr,1000 sqft,Phase 5 DLF,Semi-Furnished,1,3,DLF Wellington Estate
"3 BHK Flat for Sale in Smart World Orchard, Sector 61, Gurgaon",2.14 Cr,1630 sqft,Sector 61,Semi-Furnished,2,3,Smart World Orchard
"3 BHK Flat for Sale in Signature Global City 81, Sector 81, Gurgaon",1.13 Cr,1108 sqft,Sector 81,Semi-Furnished,1,2,Signature Global City 81
"4 BHK Flat for Sale in Sector 92, Gurgaon",1.50 Cr,1850 sqft,Gurgaon,Unfurnished,N/A,4,N/A
"3 BHK Flat for Sale in DLF Skycourt, Sector 86, Gurgaon",2 Cr,1930 sqft,Sector 86,Furnished,N/A,3,DLF Skycourt
"3 BHK Flat for Sale in Sector 37D, Delhi Gurgaon Expressway, Gurgaon",1.80 Cr,1900 sqft,Delhi Gurgaon Expressway,Semi-Furnished,1,4,N/A
"2 BHK Flat for Sale in New Palam Vihar Phase 1, New Palam Vihar Sector 110, Gurgaon",37.2 Lac,1100 sqft,New Palam Vihar Sector 110,Semi-Furnished,2,2,New Palam Vihar Phase 1
"4 BHK Flat for Sale in Ambience Lagoon, Ambience Island, Sector 24, Delhi Gurgaon Expressway, Gurgaon",5.75 Cr,4400 sqft,Ambience Island,Semi-Furnished,3,6,Ambience Lagoon
"3 BHK Flat for Sale in Project Huda Colony, Sector 46, Gurgaon",1.69 Cr,1800 sqft,Sector 46,Semi-Furnished,1,3,Project Huda Colony
5 BHK Flat for Sale in Gurgaon,3.90 Cr,2700 sqft,N/A,Semi-Furnished,2,5,N/A
"2 BHK Flat for Sale in Vipul World, Sector 48, Gurgaon",83.7 Lac,950 sqft,Sector 48,Semi-Furnished,1,2,Vipul World
"2 BHK Flat for Sale in SS The Coralwood, Sector 84, Gurgaon",1.01 Cr,861 sqft,Sector 84,Unfurnished,N/A,2,SS The Coralwood
"4 BHK Flat for Sale in Ansal Esencia Amara Villas, Sector 67, Gurgaon",1.76 Cr,2100 sqft,Sector 67,Unfurnished,N/A,3,Ansal Esencia Amara Villas
"3 BHK Flat for Sale in Signature Global City 37D, Sector 37D, Delhi Gurgaon Expressway, Gurgaon",1.30 Cr,800 sqft,Sector 37D,Semi-Furnished,9,3,Signature Global City 37D
"3 BHK Flat for Sale in Sushant Lok Builder Floors, Sushant Lok, Gurgaon",2.28 Cr,1500 sqft,Sushant Lok,Semi-Furnished,2,3,Sushant Lok Builder Floors
"3 BHK Flat for Sale in Sector 10A, Delhi Gurgaon Expressway, Gurgaon",1 Cr,800 sqft,Delhi Gurgaon Expressway,Semi-Furnished,N/A,2,N/A
"4 BHK Flat for Sale in DLF The Arbour, Sector 63A, Gurgaon",7.91 Cr,3900 sqft,Sector 63A,Furnished,N/A,5,DLF The Arbour
"4 BHK Flat for Sale in DLF Moulsari Enclave, Phase 3 DLF, Gurgaon",5.98 Cr,3500 sqft,Phase 3 DLF,Furnished,N/A,5,DLF Moulsari Enclave
"3 BHK House for Sale in Sector 21 RWA, Sector 21 Gurgaon",5 Cr,6000 sqft,Sector 21 Gurgaon,Semi-Furnished,N/A,5,Sector 21 RWA
"3 BHK Flat for Sale in Sector 40, Gurgaon",2.40 Cr,2230 sqft,Gurgaon,Semi-Furnished,2,4,N/A
"5 BHK Flat for Sale in Vipul Greens, Sector 48, Gurgaon",3.60 Cr,2800 sqft,Sector 48,Semi-Furnished,2,4,Vipul Greens
"4 BHK Flat for Sale in Sushant Lok 2 Sector 57, Gurgaon",4 Cr,3500 sqft,Gurgaon,Semi-Furnished,1,4,N/A
"4 BHK Flat for Sale in Sector 65, Gurgaon",2.80 Cr,1850 sqft,Gurgaon,Semi-Furnished,2,3,N/A
"4 BHK Flat for Sale in Block B Sushant Lok Phase I, Gurgaon",2.90 Cr,2650 sqft,Gurgaon,Semi-Furnished,N/A,4,N/A
"3 BHK Flat for Sale in Raheja Vedaanta, Sector 108, Gurgaon",95 Lac,1900 sqft,Sector 108,Semi-Furnished,1,3,Raheja Vedaanta
"4 BHK Flat for Sale in Block C Sushant Lok Phase I, Gurgaon",4.75 Cr,2300 sqft,Gurgaon,Semi-Furnished,N/A,5,N/A
"5 BHK Flat for Sale in Aaron Ville, Sector 48, Gurgaon",5.50 Cr,456 sqyrd,Sector 48,Semi-Furnished,2,6,Aaron Ville
"5 BHK Flat for Sale in Elan The Presidential, Sector 106, Gurgaon",7 Cr,4495 sqft,Sector 106,Semi-Furnished,3,5,Elan The Presidential
4 BHK House for Sale in Phase 5 DLF Gurgaon,5.40 Cr,1383 sqft,N/A,Semi-Furnished,2,4,N/A
"2 BHK Flat for Sale in Signature Global City 93, Sector 93, Gurgaon",1.06 Cr,1675 sqft,Sector 93,Semi-Furnished,N/A,2,Signature Global City 93
"4 BHK Flat for Sale in Aaron Ville, Sector 48, Gurgaon",2.09 Cr,2200 sqft,Sector 48,Unfurnished,N/A,4,Aaron Ville
> 10 BHK House for Sale in Sector 45 Gurgaon,20 Cr,4500 sqft,N/A,Furnished,N/A,> 10,N/A
"4 BHK Flat for Sale in Emaar The Palm Drive, Badshahpur, Gurgaon",6 Cr,3000 sqft,Badshahpur,Semi-Furnished,N/A,4,Emaar The Palm Drive
"5 BHK Flat for Sale in Sushant Lok 3, Sushant Lok 3, Sector 57, Gurgaon",2.70 Cr,4000 sqft,Sushant Lok 3,Semi-Furnished,4,5,Sushant Lok 3
"2 BHK Flat for Sale in Shapoorji Pallonji Joyville Gurugram, Sector 102, Gurgaon",1.35 Cr,1359 sqft,Sector 102,Semi-Furnished,1,2,Shapoorji Pallonji Joyville Gurugram
3 BHK House for Sale in Sector 4 Gurgaon,5.46 Cr,420 sqm,N/A,Unfurnished,N/A,3,N/A
"3 BHK Flat for Sale in DLF Park Place, Sector 54, Gurgaon",6.25 Cr,1750 sqft,Sector 54,Semi-Furnished,N/A,3,DLF Park Place
"3 BHK Flat for Sale in Phase 2 DLF, Gurgaon",3.40 Cr,2000 sqft,Gurgaon,Semi-Furnished,1,4,N/A
"3 BHK Flat for Sale in Signature Global City 81, Sector 81, Gurgaon",1.10 Cr,1095 sqft,Sector 81,Unfurnished,1,2,Signature Global City 81
"4 BHK House for Sale in Saraswati Vihar, Sector 28 Gurgaon",2.58 Cr,145 sqyrd,Sector 28 Gurgaon,Unfurnished,2,2,N/A
"4 BHK Flat for Sale in Palam Vihar, Gurgaon",2.25 Cr,2550 sqft,Gurgaon,Semi-Furnished,2,4,N/A
4 BHK House for Sale in Sector 23 Gurgaon,2.70 Cr,1600 sqft,N/A,Unfurnished,1,4,N/A
"4 BHK Flat for Sale in Godrej Habitat , Sector 3, Gurgaon",2.45 Cr,1800 sqft,Sector 3,Unfurnished,N/A,4,Godrej Habitat
"3 BHK Flat for Sale in Godrej Frontier Gurgaon, Sector 80, Gurgaon",1.75 Cr,2200 sqft,Sector 80,Unfurnished,1,3,Godrej Frontier Gurgaon
"3 BHK Flat for Sale in Sector 63, Gurgaon",1.45 Cr,1500 sqft,Gurgaon,Semi-Furnished,N/A,3,N/A
"3 BHK Flat for Sale in Ashok Vihar Phase III Extension, Gurgaon",46.5 Lac,900 sqft,Gurgaon,Unfurnished,N/A,3,N/A
"4 BHK Flat for Sale in South City II, Gurgaon",4.88 Cr,4500 sqft,Gurgaon,Unfurnished,N/A,4,N/A
"4 BHK Flat for Sale in DLF The Arbour, Sector 63, Gurgaon",7.10 Cr,3950 sqft,Sector 63,Semi-Furnished,N/A,5,DLF The Arbour
4 BHK Villa for Sale in Block B Sushant Lok Phase I Gurgaon,10.12 Cr,315 sqyrd,N/A,Semi-Furnished,2,4,N/A
"4 BHK Flat for Sale in Golf Course Road, Gurgaon",9.50 Cr,5600 sqft,Gurgaon,Semi-Furnished,N/A,5,N/A
"3 BHK Flat for Sale in DLF Carlton Estate, Phase 5 DLF, Gurgaon",1.95 Cr,1150 sqft,Phase 5 DLF,Semi-Furnished,1,3,DLF Carlton Estate
"4 BHK Flat for Sale in Unitech Cedar Crest, Pocket H Nirvana Country, Gurgaon",6.80 Cr,3200 sqft,Pocket H Nirvana Country,Semi-Furnished,2,5,Unitech Cedar Crest
"4 BHK Flat for Sale in Block C Sushant Lok Phase I, Gurgaon",2.70 Cr,1325 sqft,Gurgaon,Semi-Furnished,1,3,N/A
"4 BHK Flat for Sale in Sushant Lok, Gurgaon",3.50 Cr,1975 sqft,Gurgaon,Furnished,1,4,N/A
"2 BHK Flat for Sale in Satya Hermitage, Sector 103, Gurgaon",90 Lac,1100 sqft,Sector 103,Unfurnished,N/A,3,Satya Hermitage
"4 BHK House for Sale in Baldev Nagar, Sector 9 Gurgaon",50 Lac,500 sqft,Sector 9 Gurgaon,Unfurnished,N/A,3,N/A
"4 BHK Flat for Sale in Pocket F Palam Vihar, Gurgaon",3.72 Cr,500 sqyrd,Gurgaon,Semi-Furnished,3,5,N/A
"4 BHK Flat for Sale in Phase 3 DLF, Gurgaon",5.20 Cr,502 sqyrd,Gurgaon,Semi-Furnished,2,5,N/A
"3 BHK Flat for Sale in Sector 45, Gurgaon",1.86 Cr,1356 sqft,Gurgaon,Furnished,1,3,N/A
"4 BHK Flat for Sale in DLF City Independent Floors, Phase 3 DLF, Gurgaon",3.14 Cr,127 sqm,Phase 3 DLF,Furnished,N/A,4,DLF City Independent Floors
9 BHK House for Sale in Sector 43 Gurgaon,2.96 Cr,3000 sqft,N/A,Semi-Furnished,N/A,9,N/A
"4 BHK Flat for Sale in M3M Flora, Sector 68, Gurgaon",2.44 Cr,2582 sqft,Sector 68,Semi-Furnished,N/A,4,M3M Flora
"2 BHK Flat for Sale in Prime Habitat, Sector 99A, Delhi Gurgaon Expressway, Gurgaon",28.8 Lac,448 sqft,Sector 99A,Semi-Furnished,N/A,2,Prime Habitat
2 BHK House for Sale in Maruti Kunj Gurgaon,32.2 Lac,700 sqft,N/A,Semi-Furnished,N/A,2,N/A
"4 BHK Flat for Sale in Mahindra Luminare, Sector 59, Gurgaon",7.50 Cr,2650 sqft,Sector 59,Unfurnished,2,5,Mahindra Luminare
"3 BHK Flat for Sale in Sushant Lok 2 Sector 57, Gurgaon",2.70 Cr,263 sqyrd,Gurgaon,Unfurnished,N/A,3,N/A
"3 BHK Flat for Sale in Uppal Southend, Uppal Southend, Sector 49, Sohna Road, Gurgaon",1.15 Cr,1750 sqft,Uppal Southend,Semi-Furnished,1,3,Uppal Southend
"3 BHK Flat for Sale in NBCC Heights, Sector 89, Gurgaon",1.30 Cr,1710 sqft,Sector 89,Semi-Furnished,1,3,NBCC Heights
"4 BHK Flat for Sale in Sushant Lok III Extension, Gurgaon",2.30 Cr,2200 sqft,Gurgaon,Semi-Furnished,2,4,N/A
"4 BHK Flat for Sale in Emaar Mgf Emerald Floors , Sector 65, Gurgaon",3.25 Cr,1800 sqft,Sector 65,Semi-Furnished,2,4,Emaar Mgf Emerald Floors
"4 BHK Flat for Sale in Brisk Lumbini Terrace Homes, Sector 109, Gurgaon",1.60 Cr,1900 sqft,Sector 109,Semi-Furnished,3,4,Brisk Lumbini Terrace Homes
"3 BHK Flat for Sale in Sector 57, Gurgaon",2.15 Cr,254 sqyrd,Gurgaon,Semi-Furnished,1,3,N/A
"3 BHK Flat for Sale in orchid petals, Sector 49, Gurgaon",2.60 Cr,2061 sqft,Sector 49,Semi-Furnished,2,3,orchid petals
"2 BHK Flat for Sale in M3M Woodshire, Sector 107, Gurgaon",1 Cr,1336 sqft,Sector 107,Semi-Furnished,1,2,M3M Woodshire
"5 BHK Villa for Sale in Experion Windchants, Sector 112 Gurgaon",10.60 Cr,6500 sqft,Sector 112 Gurgaon,Unfurnished,3,6,Experion Windchants
"4 BHK Flat for Sale in Godrej Summit, Sector 104, Gurgaon",1.60 Cr,2000 sqft,Sector 104,Semi-Furnished,1,4,Godrej Summit
"3 BHK Flat for Sale in Luxury Floors Gurgaon, Phase 4 DLF, Gurgaon",2.25 Cr,2300 sqft,Phase 4 DLF,Semi-Furnished,N/A,3,Luxury Floors Gurgaon
"2 BHK Flat for Sale in GLS Arawali Homes, Sector 4 Sohna, Gurgaon",31 Lac,567 sqft,Sector 4 Sohna,Furnished,1,2,GLS Arawali Homes
"4 BHK Flat for Sale in Aradhya Homes, Sector 67A, Gurgaon",2.25 Cr,2100 sqft,Sector 67A,Semi-Furnished,N/A,4,Aradhya Homes
"3 BHK Flat for Sale in Block J Mayfield Garden, Gurgaon",1.35 Cr,2150 sqft,Gurgaon,Semi-Furnished,1,3,N/A
"3 BHK Flat for Sale in Gulmohar Apartment, Sector 56, Gurgaon",1.90 Cr,2050 sqft,Sector 56,Unfurnished,1,4,Gulmohar Apartment
"3 BHK Flat for Sale in Adani M2K Oyster Grande, Sector 102, Gurgaon",1.80 Cr,1182 sqft,Sector 102,Unfurnished,1,3,Adani M2K Oyster Grande
"4 BHK Flat for Sale in Vipul World, Sector 48, Gurgaon",2.90 Cr,360 sqyrd,Sector 48,Semi-Furnished,2,4,Vipul World
"3 BHK Flat for Sale in Ramprastha Primera, Sector 37D, Delhi Gurgaon Expressway, Gurgaon",1.22 Cr,1620 sqft,Sector 37D,Semi-Furnished,N/A,3,Ramprastha Primera
"3 BHK Flat for Sale in Sector 56, Gurgaon",1.90 Cr,1800 sqft,Gurgaon,Semi-Furnished,1,3,N/A
"4 BHK Flat for Sale in DLF Park Place, Sector 54, Gurgaon",7 Cr,1890 sqft,Sector 54,Unfurnished,3,4,DLF Park Place
"4 BHK Flat for Sale in Emaar The Palm Springs, Golf Course Road, Gurgaon",9.65 Cr,3886 sqft,Golf Course Road,Semi-Furnished,N/A,5,Emaar The Palm Springs
"4 BHK Flat for Sale in DLF City Plot Phase 2, Phase 2 DLF, Gurgaon",4.99 Cr,2400 sqft,Phase 2 DLF,Unfurnished,N/A,5,DLF City Plot Phase 2
"3 BHK Flat for Sale in Cancon Enclave, Sector 4, Gurgaon",74.8 Lac,1300 sqft,Sector 4,Semi-Furnished,N/A,2,Cancon Enclave
"3 BHK Flat for Sale in Shree Vardhman Flora, Sector 90, Gurgaon",95 Lac,1600 sqft,Sector 90,Unfurnished,1,4,Shree Vardhman Flora
"1 BHK Flat for Sale in Sector 56, Gurgaon",42 Lac,377 sqft,Gurgaon,Unfurnished,N/A,1,N/A
"2 BHK Flat for Sale in Conscient Habitat, Sector 99A, Delhi Gurgaon Expressway, Gurgaon",26.5 Lac,440 sqft,Sector 99A,Unfurnished,N/A,2,Conscient Habitat
"1 BHK Flat for Sale in Lotus Homz, Sector 111, Gurgaon",40 Lac,630 sqft,Sector 111,Unfurnished,1,1,Lotus Homz
"6 BHK Flat for Sale in Phase 2 DLF, Gurgaon",3.80 Cr,330 sqyrd,Gurgaon,Semi-Furnished,2,6,N/A
"3 BHK Flat for Sale in SS Cendana, Sector 83, Gurgaon",1.23 Cr,1450 sqft,Sector 83,Semi-Furnished,2,3,SS Cendana
"4 BHK Flat for Sale in Unitech Heritage City, Mehrauli Gurgaon Road, Gurgaon",5.20 Cr,2500 sqft,Mehrauli Gurgaon Road,Unfurnished,N/A,4,Unitech Heritage City
"4 BHK Flat for Sale in Emaar Palm Hills, Sector 77, Delhi Gurgaon Expressway, Gurgaon",2.25 Cr,1365 sqft,Sector 77,Semi-Furnished,2,3,Emaar Palm Hills
"4 BHK Flat for Sale in Project Sushant Lok, Phase 4 DLF, Gurgaon",3.60 Cr,2000 sqft,Phase 4 DLF,Semi-Furnished,1,4,Project Sushant Lok
"4 BHK Flat for Sale in Phase 2 DLF, Gurgaon",4 Cr,2100 sqft,Gurgaon,Semi-Furnished,N/A,4,N/A
"4 BHK Flat for Sale in Omaxe The Nile, Sohna Gurgaon Road, Gurgaon",4.25 Cr,3500 sqft,Sohna Gurgaon Road,Unfurnished,1,5,Omaxe The Nile
"3 BHK Flat for Sale in Signature Global City 63A, Sector 63A, Gurgaon",2.13 Cr,1100 sqft,Sector 63A,Semi-Furnished,1,3,Signature Global City 63A
"5 BHK House for Sale in RWA Residential Society, Sector 23 Gurgaon",8.50 Cr,3600 sqft,Sector 23 Gurgaon,Semi-Furnished,1,2,RWA Residential Society
"4 BHK Flat for Sale in Sushant Lok, Gurgaon",5.50 Cr,4000 sqft,Gurgaon,Unfurnished,N/A,4,N/A
"4 BHK Flat for Sale in Emaar Mgf Emerald Floors , Sector 65, Gurgaon",3.50 Cr,3150 sqft,Sector 65,Semi-Furnished,2,3,Emaar Mgf Emerald Floors
"5 BHK Villa for Sale in Unitech The Villas, Sector 33 Gurgaon",9.90 Cr,5668 sqft,Sector 33 Gurgaon,Semi-Furnished,N/A,6,Unitech The Villas
"4 BHK Flat for Sale in Phase 4 DLF, Gurgaon",4.50 Cr,1800 sqft,Gurgaon,Semi-Furnished,N/A,4,N/A
"3 BHK Flat for Sale in Hero Homes, Sector 104, Gurgaon",1.56 Cr,1150 sqft,Sector 104,Unfurnished,1,3,Hero Homes
"3 BHK Flat for Sale in Sector 38, Gurgaon",1.72 Cr,2100 sqft,Gurgaon,Semi-Furnished,2,3,N/A
"4 BHK Flat for Sale in DLF City Phase 1, Phase 1 DLF, Gurgaon",5.03 Cr,355 sqyrd,Phase 1 DLF,Furnished,2,4,DLF City Phase 1
"3 BHK Flat for Sale in Luxury Builder Floors, Malibu Town, Sector 47, Gurgaon",1.85 Cr,1200 sqft,Malibu Town,Semi-Furnished,N/A,3,Luxury Builder Floors
"5 BHK Villa for Sale in The Legend, Sector 57 Gurgaon",9.55 Cr,6980 sqft,Sector 57 Gurgaon,Unfurnished,N/A,5,The Legend
"2 BHK Flat for Sale in Ashok Vihar 2, Phase II Ashok Vihar, Gurgaon",48 Lac,400 sqft,Phase II Ashok Vihar,Furnished,N/A,2,Ashok Vihar 2
5 BHK House for Sale in Phase 1 DLF Gurgaon,18.25 Cr,7500 sqft,N/A,Semi-Furnished,N/A,6,N/A
"3 BHK Flat for Sale in DLF Beverly Park, Mehrauli Gurgaon Road, Gurgaon",5.50 Cr,2750 sqft,Mehrauli Gurgaon Road,Semi-Furnished,3,4,DLF Beverly Park
"3 BHK Flat for Sale in Signature Global City 79B 1, Sector 79, Gurgaon",1.03 Cr,1275 sqft,Sector 79,Semi-Furnished,1,3,Signature Global City 79B 1
"4 BHK Flat for Sale in Bestech Apartment, Sector 92, Gurgaon",1.60 Cr,1900 sqft,Sector 92,Semi-Furnished,2,4,Bestech Apartment
"2 BHK Flat for Sale in Puri Emerald Bay, Sector 104, Gurgaon",1.55 Cr,1280 sqft,Sector 104,Semi-Furnished,2,3,Puri Emerald Bay
"3 BHK Flat for Sale in Sector 6, Gurgaon",60 Lac,1000 sqft,Gurgaon,Semi-Furnished,1,3,N/A
"3 BHK Flat for Sale in Sector 4, Gurgaon",1.50 Cr,1450 sqft,Gurgaon,Semi-Furnished,N/A,3,N/A
"3 BHK Flat for Sale in Central Park Flower Valley Flamingo Floor, Sector 32 Sohna, Gurgaon",1.17 Cr,1230 sqft,Sector 32 Sohna,Unfurnished,N/A,2,Central Park Flower Valley Flamingo Floor
"3 BHK Flat for Sale in Phase 3 Sushant Lok, Gurgaon",2.40 Cr,2000 sqft,Gurgaon,Semi-Furnished,1,4,N/A
"3 BHK Flat for Sale in Ansals Highland Park, Daulatabad, Gurgaon",1.28 Cr,1940 sqft,Daulatabad,Semi-Furnished,1,4,Ansals Highland Park
"4 BHK Flat for Sale in Bestech Altura, Sector 79, Gurgaon",2.50 Cr,2000 sqft,Sector 79,Semi-Furnished,1,4,Bestech Altura
"3 BHK Flat for Sale in M3M Capital, Sector 113, Gurgaon",2.36 Cr,1300 sqft,Sector 113,Semi-Furnished,1,3,M3M Capital
"3 BHK Flat for Sale in Sector 55, Gurgaon",1.75 Cr,1800 sqft,Gurgaon,Semi-Furnished,1,3,N/A
"3 BHK Flat for Sale in Emaar Digi Homes, Sector 62, Gurgaon",4 Cr,1308 sqft,Sector 62,Semi-Furnished,2,3,Emaar Digi Homes
